id,source_file_id,airport_icao,obstacle_id,name,bearing_deg,mag_bearing_deg,distance_m,latitude,longitude,elevation_m,height_m,unit_distance_original,unit_height_original,confidence_score,is_user_modified,edited_at,source_page,raw_text
1,1,ZLLL,001,房屋,,3.0,4103.0,36.55041666666666,103.62122222222222,1988.7,,m,m,0.95,0,,1,"房屋
001 | 建筑 | N363301.5
E1033716.4
003/4103 | 1988.7 |  | RWY36L起飞航径区重要障碍物"
2,1,ZLLL,002,通讯塔,,4.0,9297.0,36.59719444444445,103.62283333333333,2078.5,,m,m,0.95,0,,1,"通讯塔
002 | 天线 | N363549.9
E1033722.2
004/9297 | 2078.5 |  | RWY36L/R起飞航径区重要障碍
物"
3,1,ZLLL,003,电力杆,,5.0,5164.0,36.55994444444444,103.62325,2008.2,,m,m,0.95,0,,1,"电力杆
003 | 杆 | N363335.8
E1033723.7
005/5164 | 2008.2 |  | RWY36L起飞航径区重要障碍物"
4,1,ZLLL,004,电力杆,,6.0,4391.0,36.552972222222216,103.62325,1994.1,,m,m,0.95,0,,1,"电力杆
004 | 杆 | N363310.7
E1033723.7
006/4391 | 1994.1 |  | RWY36R起飞航径区重要障碍物"
5,1,ZLLL,005,电力杆,,6.0,4434.0,36.55333333333333,103.62355555555555,1994.9,,m,m,0.95,0,,1,"电力杆
005 | 杆 | N363312.0
E1033724.8
006/4434 | 1994.9 |  | RWY36R起飞航径区重要障碍物"
6,1,ZLLL,006,高压杆,,6.0,5147.0,36.559749999999994,103.62397222222222,2008.2,,m,m,0.95,0,,1,"高压杆
006 | 高压输电
线 | N363335.1
E1033726.3
006/5147 | 2008.2 |  | RWY36R起飞航径区重要障碍物"
7,1,ZLLL,007,电杆,,7.0,4059.0,36.54994444444444,103.62377777777778,1987.4,,m,m,0.95,0,,1,"电杆
007 | 杆 | N363259.8
E1033725.6
007/4059 | 1987.4 |  | RWY36R起飞航径区重要障碍物"
8,1,ZLLL,008,电力杆,,7.0,4096.0,36.55027777777777,103.62405555555554,1989.6,,m,m,0.95,0,,1,"电力杆
008 | 杆 | N363301.0
E1033726.6
007/4096 | 1989.6 |  | RWY36L离场控制障碍物；
RWY36R起飞航径区重要障碍物"
9,1,ZLLL,009,电力杆,,8.0,5086.0,36.55911111111111,103.6256111111111,2003.6,,m,m,0.95,0,,1,"电力杆
009 | 杆 | N363332.8
E1033732.2
008/5086 | 2003.6 |  | RWY36R起飞航径区重要障碍物"
10,1,ZLLL,010,尖山庙,,9.0,6112.0,36.568250000000006,103.62774999999999,2023.7,,m,m,0.95,0,,1,"尖山庙
010 | 建筑 | N363405.7
E1033739.9
009/6112 | 2023.7 |  | RWY36R起飞航径区重要障碍物"
11,1,ZLLL,011,固坡（地形）,,10.0,2736.0,36.538,103.62444444444444,1954.6,,m,m,0.95,0,,2,"固坡（地形）
011 | 自然高程
点 |  | N363216.8
E1033728.0
010/2736 |  | 1954.6 |  | RWY36R起飞航径区重要障碍物"
12,1,ZLLL,012,假山,,10.0,5753.0,36.56486111111111,103.62919444444444,2012.9,,m,m,0.95,0,,2,"假山
012 | 建筑 | N363353.5
E1033745.1
010/5753 |  |  | 2012.9 |  | RWY18L LNAV/VNAV最后进近
控制障碍物"
13,1,ZLLL,013,通讯塔,,11.0,4249.0,36.55133333333333,103.62774999999999,2000.4,,m,m,0.95,0,,2,"通讯塔
013 | 天线 |  | N363304.8
E1033739.9
011/4249 |  | 2000.4 |  | RWY36R离场控制障碍物"
14,1,ZLLL,014,东升商混站,,17.0,8331.0,36.586333333333336,103.64305555555556,2040.5,,m,m,0.95,0,,2,"东升商混站
014 | 建筑 | N363510.8
E1033835.0
017/8331 |  |  | 2040.5 | 灯光：红色 | RWY19 LNAV、GP INOP最后进
近控制障碍物"
15,1,ZLLL,015,通讯塔,,17.0,12208.0,36.62036111111111,103.6528888888889,2100.7,,m,m,0.95,0,,2,"通讯塔
015 | 天线 |  | N363713.3
E1033910.4
017/12208 |  | 2100.7 |  | RWY01 PBN离场控制障碍物"
16,1,ZLLL,016,搅拌站,,18.0,7337.0,36.57736111111112,103.64186111111111,2028.0,,m,m,0.95,0,,2,"搅拌站
016 | 建筑 | N363438.5
E1033830.7
018/7337 |  |  | 2028.0 |  | RWY01起飞航径区重要障碍物"
17,1,ZLLL,017,旗杆,,18.0,7655.0,36.57994444444445,103.64355555555557,2034.3,,m,m,0.95,0,,2,"旗杆
017 | 杆 | N363447.8
E1033836.8
018/7655 |  |  | 2034.3 |  | RWY01起飞航径区重要障碍物"
18,1,ZLLL,018,学校,,19.0,5669.0,36.56247222222222,103.63858333333334,1994.6,,m,m,0.95,0,,2,"学校
018 | 建筑 | N363344.9
E1033818.9
019/5669 |  |  | 1994.6 |  | RWY01起飞航径区重要障碍物"
19,1,ZLLL,019,商砼,,19.0,7545.0,36.57877777777778,103.64422222222223,2032.0,,m,m,0.95,0,,2,"商砼
019 | 建筑 | N363443.6
E1033839.2
019/7545 |  |  | 2032 |  | RWY01起飞航径区重要障碍物"
20,1,ZLLL,020,设备,,19.0,7677.0,36.580000000000005,103.64425,2034.4,,m,m,0.95,0,,2,"设备
020 | 建筑 | N363448.0
E1033839.3
019/7677 |  |  | 2034.4 |  | RWY01起飞航径区重要障碍物"
21,1,ZLLL,021,烟囱,,19.0,7913.0,36.581944444444446,103.64544444444445,2038.3,,m,m,0.95,0,,2,"烟囱
021 | 工业烟囱 | N363455.0
E1033843.6
019/7913 |  |  | 2038.3 |  | RWY01起飞航径区重要障碍物"
22,1,ZLLL,022,商砼站,,23.0,7417.0,36.57627777777778,103.64902777777779,2030.7,,m,m,0.95,0,,3,"商砼站
022 | 建筑 | N363434.6
E1033856.5
023/7417 | 2030.7 | 灯光：红色 | RWY19 LNAV/VNAV控制障碍物"
23,1,ZLLL,023,路灯,,29.0,5161.0,36.555138888888884,103.64636111111112,1979.5,,m,m,0.95,0,,3,"路灯
023 | 杆 | N363318.5
E1033846.9
029/5161 | 1979.5 |  | RWY01起飞航径区重要障碍物"
24,1,ZLLL,024,车辆,,29.0,5174.0,36.555249999999994,103.64644444444446,1980.4,,m,m,0.95,0,,3,"车辆
024 | 移动障碍
物 | N363318.9
E1033847.2
029/5174 | 1980.4 |  | RWY01起飞航径区重要障碍物"
25,1,ZLLL,025,通讯塔,,29.0,8400.0,36.581361111111114,103.66227777777779,2059.0,,m,m,0.95,0,,3,"通讯塔
025 | 天线 | N363452.9
E1033944.2
029/8400 | 2059 |  | RWY01离场控制障碍物"
26,1,ZLLL,026,监控天线,,32.0,4087.0,36.54558333333333,103.6431388888889,1957.7,,m,m,0.95,0,,3,"监控天线
026 | 天线 | N363244.1
E1033835.3
032/4087 | 1957.7 |  | RWY01起飞航径区重要障碍物"
27,1,ZLLL,027,高压杆,,32.0,5342.0,36.555527777777776,103.64980555555556,2006.3,,m,m,0.95,0,,3,"高压杆
027 | 高压输电
线 | N363319.9
E1033859.3
032/5342 | 2006.3 |  | RWY01离场控制障碍物"
28,1,ZLLL,028,T3航站楼,,34.0,1794.0,36.52736111111111,103.63105555555555,1976.4,,m,m,0.95,0,,3,"T3航站楼
028 | 建筑 | N363138.5
E1033751.8
034/1794 | 1976.4 |  | "
29,1,ZLLL,029,监控天线,,34.0,4146.0,36.54552777777778,103.64455555555556,1957.3,,m,m,0.95,0,,3,"监控天线
029 | 天线 | N363243.9
E1033840.4
034/4146 | 1957.3 |  | RWY01起飞航径区重要障碍物"
30,1,ZLLL,030,机房,,35.0,3774.0,36.54227777777778,103.64319444444445,1952.8,,m,m,0.95,0,,3,"机房
030 | 建筑 | N363232.2
E1033835.5
035/3774 | 1952.8 |  | RWY01起飞航径区重要障碍物"
31,1,ZLLL,031,内指点标（IM19）,,36.0,3837.0,36.54252777777778,103.64402777777778,1953.0,,m,m,0.95,0,,3,"内指点标（IM19）
031 | 天线 | N363233.1
E1033838.5
036/3837 | 1953.0 |  | RWY01起飞航径区重要障碍物"
32,1,ZLLL,032,东侧边坡坡顶,,46.0,3388.0,36.535805555555555,103.64661111111111,1954.1,,m,m,0.95,0,,3,"东侧边坡坡顶
032 | 自然高程
点 | N363208.9
E1033847.8
046/3388 | 1954.1 |  | RWY19 ILS/DME控制障碍物"
33,1,ZLLL,033,新塔台,,69.0,1036.0,36.51727777777778,103.63141666666667,2049.9,,m,m,0.95,0,,4,"新塔台
033 | 塔台 | N363102.2
E1033753.1
069/1036 | 2049.9 | 灯光：红色 |  | RWY18L ILS/DME最后进近控制
障碍物；
RWY36R/01/18R LNAV/VNAV控
制障碍物"
34,1,ZLLL,034,中建八局观光台,,89.0,1544.0,36.51430555555555,103.63808333333334,1972.1,,m,m,0.95,0,,4,"中建八局观光台
034 | 建筑 | N363051.5
E1033817.1
089/1544 | 1972.1 |  |  | "
35,1,ZLLL,035,民房,,99.0,2468.0,36.51130555555556,103.64827777777778,1939.3,,m,m,0.95,0,,4,"民房
035 | 建筑 | N363040.7
E1033853.8
099/2468 | 1939.3 |  | RWY01 ILS/DME控制障碍物 | "
36,1,ZLLL,036,瑞辰玖阙,,148.0,4953.0,36.47686111111111,103.65252777777778,1977.8,,m,m,0.95,0,,4,"瑞辰玖阙
036 | 建筑 | N362836.7
E1033909.1
148/4953 | 1977.8 |  | RWY19离场控制障碍物、起飞航
径区重要障碍物 | "
37,1,ZLLL,037,空薛牵线05号高 压塔,,157.0,7508.0,36.45286111111111,103.6581388888889,1981.7,,m,m,0.95,0,,4,"空薛牵线05号高
压塔
037 | 高压输电
线 | N362710.3
E1033929.3
157/7508 | 1981.7 |  | RWY01 LNAV最后进近控制障碍
物 | "
38,1,ZLLL,038,平岘沟高压塔,,161.0,8940.0,36.43858333333333,103.6576388888889,1992.2,,m,m,0.95,0,,4,"平岘沟高压塔
038 | 高压输电
线 | N362618.9
E1033927.5
161/8940 | 1992.2 |  | RWY01 GP INOP最后进近控制障
碍物 | "
39,1,ZLLL,039,高压塔,,166.0,10250.0,36.42519444444444,103.65452777777779,2068.5,,m,m,0.95,0,,4,"高压塔
039 | 高压输电
线 | N362530.7
E1033916.3
166/10250 | 2068.5 |  | RWY19起飞航径区重要障碍物 | "
40,1,ZLLL,040,三角架,,166.0,10867.0,36.419999999999995,103.65702777777778,2084.4,,m,m,0.95,0,,4,"三角架
040 | 高压输电
线 | N362512.0
E1033925.3
166/10867 | 2084.4 |  | RWY18L离场控制障碍物；
RWY19起飞航径区重要障碍物 | "
41,1,ZLLL,041,瑞岭悦府施工塔 吊,,171.0,5201.0,36.46752777777778,103.63244444444443,1984.0,,m,m,0.95,0,,4,"瑞岭悦府施工塔
吊
041 | 塔吊 | N362803.1
E1033756.8
171/5201 | 1984 |  | RWY18L起飞航径区重要障碍物 | "
42,1,ZLLL,042,楼房,,177.0,3845.0,36.478972222222225,103.62508333333332,1961.4,,m,m,0.95,0,,4,"楼房
042 | 建筑 | N362844.3
E1033730.3
177/3845 | 1961.4 |  | RWY18L起飞航径区重要障碍物 | "
43,1,ZLLL,043,亚太房屋,,179.0,4020.0,36.47730555555556,103.62374999999999,1964.4,,m,m,0.95,0,,4,"亚太房屋
043 | 建筑 | N362838.3
E1033725.5
179/4020 | 1964.4 | 灯光：红色 | RWY18L起飞航径区重要障碍物 | "
44,1,ZLLL,044,甘肃华谱检测有 限公司,,184.0,3841.0,36.478833333333334,103.61999999999999,1963.4,,m,m,0.95,0,,5,"甘肃华谱检测有
限公司
044 | 建筑 | N362843.8
E1033712.0
184/3841 | 1963.4 |  | RWY18R起飞航径区重要障碍物、
离场控制障碍物"
45,1,ZLLL,045,马家山通讯塔,,199.0,3451.0,36.483555555555554,103.61022222222222,2010.3,,m,m,0.95,0,,5,"马家山通讯塔
045 | 天线 | N362900.8
E1033636.8
199/3451 | 2010.3 |  | RWY36L GP INOP、LNAV控制障
碍物"
46,1,ZLLL,046,T2航站楼,,212.0,1096.0,36.50483333333333,103.61488888888888,1986.6,,m,m,0.95,0,,5,"T2航站楼
046 | 建筑 | N363017.4
E1033653.6
212/1096 | 1986.6 |  | "
47,1,ZLLL,047,山,,214.0,13842.0,36.406527777777775,103.54138888888889,2033.7,,m,m,0.95,0,,5,"山
047 | 山 | N362423.5
E1033229.0
214/13842 | 2033.7 |  | RWY18L/R PBN离场控制障碍物
含植被"
48,1,ZLLL,048,机场塔台,,237.0,660.0,36.50994444444444,103.61491666666666,2000.0,,m,m,0.95,0,,5,"机场塔台
048 | 塔台 | N363035.8
E1033653.7
237/660 | 2000.0 | 灯光：红色 | RWY18R/36L ILS/DME控制障碍
物"
49,1,ZLLL,049,二次雷达,,243.0,2275.0,36.503055555555555,103.59899999999999,2068.4,,m,m,0.95,0,,5,"二次雷达
049 | 天线 | N363011.0
E1033556.4
243/2275 | 2068.4 | 灯光：红色 | RWY36L LNAV/VNAV、
VOR/DME控制障碍物"
50,1,ZLLL,050,无名山,,271.0,3451.0,36.51263888888889,103.58180555555555,2120.0,,m,m,0.95,0,,5,"无名山
050 | 山 | N363045.5
E1033454.5
271/3451 | 2120 |  | A类目视盘旋控制障碍物
含植被"
51,1,ZLLL,051,无名山,,302.0,6331.0,36.54061111111111,103.56038888888888,2157.0,,m,m,0.95,0,,5,"无名山
051 | 山 | N363226.2
E1033337.4
302/6331 | 2157 |  | B类目视盘旋控制障碍物
含植被"
52,1,ZLLL,052,无名山,,317.0,8530.0,36.56677777777778,103.55230555555555,2168.0,,m,m,0.95,0,,5,"无名山
052 | 山 | N363400.4
E1033308.3
317/8530 | 2168 |  | C、D类目视盘旋控制障碍物
含植被"
53,1,ZLLL,053,气象雷达天线,,332.0,1258.0,36.52313888888889,103.61358333333332,1986.7,,m,m,0.95,0,,5,"气象雷达天线
053 | 天线 | N363123.3
E1033648.9
332/1258 | 1986.7 | 灯光：红色 | "
54,1,ZLLL,054,高压杆,,356.0,4699.0,36.55547222222222,103.61444444444444,1999.0,,m,m,0.95,0,,5,"高压杆
054 | 杆 | N363319.7
E1033652.0
356/4699 | 1999 |  | RWY36L起飞航径区重要障碍物"
55,1,ZLLL,055,通讯塔,,356.0,7431.0,,,2043.2,,m,m,1.0,0,,6,"通讯塔
055 | 天线 | E | N363447.9
1033641.
356/7431 | 3 | 2043.2 |  | RWY36L起飞航径区重要障碍物 | "
56,1,ZLLL,056,北近台台外天线,,357.0,2926.0,,,1968.5,,m,m,1.0,0,,6,"北近台台外天线
056 | 天线 | E | N363222.9
1033704.
357/2926 | 0 | 1968.5 |  | RWY36L起飞航径区重要障碍物 | "
57,1,ZLLL,057,通讯塔,,357.0,8624.0,36.590722222222226,103.61075,2050.3,,m,m,0.95,0,,6,"通讯塔
057 | 天线 | N363526.6
E1033638.7
357/8624 |  |  | 2050.3 |  |  | RWY18R VOR/DME、LNAV控制
障碍物；
RWY18L/R GP INOP控制障碍物"
58,1,ZLLL,058,北端外航向台 LOC36L,,360.0,2291.0,,,1951.4,,m,m,1.0,0,,6,"北端外航向台
LOC36L
058 | 天线 | E | N363202.6
1033710.
360/2291 | 5 | 1951.4 |  | RWY36L起飞航径区重要障碍物 | "
59,1,ZLLL,059,移动塔,,1.0,27640.0,36.76222222222222,103.61083333333333,2312.0,,m,m,0.95,0,,6,"移动塔
059 | 天线 | N364544
E1033639
001/27640 |  |  | 2312 |  |  | RWY19 PBN中间进近，GP INOP
x、GP INOP w 最后进近控制障碍
物"
60,1,ZLLL,061,通讯塔,,5.0,15692.0,36.65472222222222,103.6275,2139.0,,m,m,0.95,0,,6,"通讯塔
061 | 天线 |  | N363917
E1033739
005/15692 |  | 2139 |  | RWY18R GP INOP最后进近控制
障碍物 | "
61,1,ZLLL,062,山,,6.0,43996.0,36.909444444444446,103.64472222222223,2637.0,,m,m,0.95,0,,6,"山
062 | 山 |  | N365434
E1033841
006/43996 |  | 2637 |  | RWY01 PBN离场控制障碍物
含植被 | "
62,1,ZLLL,063,广电塔,,8.0,15820.0,36.65555555555555,103.63666666666667,2173.0,,m,m,0.95,0,,7,"广电塔
063 | 天线 | N363920
E1033812
008/15820 |  |  | 2173 |  |  | RWY18L GP INOP最后进近控制
障碍物；
RWY19 LNAV、GP INOP控制障
碍物"
63,1,ZLLL,064,石墩山,,12.0,46169.0,36.924166666666665,103.70166666666667,2585.0,,m,m,0.95,0,,7,"石墩山
064 | 山 | N365527
E1034206
012/46169 |  |  | 2585 |  |  | RWY01 PBN离场控制障碍物；
RWY19 PBN起始进近控制障碍
物
含植被"
64,1,ZLLL,065,老虎山,,14.0,64535.0,37.08416666666667,103.75888888888889,3321.0,,m,m,0.95,0,,7,"老虎山
065 | 山 | N370503
E1034532
014/64535 |  |  | 3321 |  | 监视引导11号扇区控制障碍物 | "
65,1,ZLLL,066,高压塔,,17.0,39848.0,36.86138888888889,103.73055555555555,2545.0,,m,m,0.95,0,,7,"高压塔
066 | 高压输电
线 | N365141
E1034350
017/39848 |  |  | 2545 |  | RWY18L/18R/19 ILS/DME w起始
进近控制障碍物 | "
66,1,ZLLL,068,房屋,,21.0,17140.0,36.660555555555554,103.67916666666667,2186.0,,m,m,0.95,0,,7,"房屋
068 | 建筑 |  | N363938
E1034045
021/17140 |  | 2186 |  | RWY01 PBN离场控制障碍物 | "
67,1,ZLLL,069,陶家沟,,21.0,33570.0,36.801944444444445,103.73388888888888,2443.0,,m,m,0.95,0,,7,"陶家沟
069 | 山 | N364807
E1034402
021/33570 |  |  | 2443 |  | RWY18L/18R/19 PBN起始进近控
制障碍物；
RWY01离场控制障碍物
含植被 | "
68,1,ZLLL,071,高压塔,,22.0,41000.0,36.863055555555555,103.77111111111111,2533.0,,m,m,0.95,0,,7,"高压塔
071 | 高压输电
线 |  | N365147
E1034616
022/41000 |  | 2533 |  | LL704等待控制障碍物 | "
69,1,ZLLL,074,山,,25.0,31918.0,36.779444444444444,103.75611111111111,2333.0,,m,m,0.95,0,,8,"山
074 | 山 |  | N364646
E1034522
025/31918 |  | 2333 |  | RWY01传统离场控制障碍物
含植被 | "
70,1,ZLLL,076,无名山,,28.0,23770.0,36.7075,103.73305555555555,2215.0,,m,m,0.95,0,,8,"无名山
076 | 山 | N364227
E1034359
028/23770 |  |  | 2215 |  | 监视引导01号扇区控制障碍物 | "
71,1,ZLLL,077,山,,28.0,42166.0,36.85638888888889,103.8236111111111,2340.0,,m,m,0.95,0,,8,"山
077 | 山 |  | N365123
E1034925
028/42166 |  | 2340 |  | RWY01 PBN离场控制障碍物
含植被 | "
72,1,ZLLL,078,山体,,1.0,36.0,,,,,m,,0.9,0,,8,"山体
078 | 山 |  | N363955 |  | 2280 |  |  | RWY01/36L/36R传统进场控制障"
73,1,ZLLL,079,无名山,,59.0,99224.0,37.00333333333333,104.55055555555555,3017.0,,m,m,0.95,0,,8,"无名山
079 | 山 | N370012
E1043302
059/99224 |  |  | 3017 |  | 监视引导10号扇区控制障碍物 | "
74,1,ZLLL,080,无名山,,91.0,135049.0,36.54555555555555,105.12833333333333,2850.0,,m,m,0.95,0,,8,"无名山
080 | 山 | N363244
E1050742
091/135049 |  |  | 2850 |  | 监视引导09号扇区控制障碍物 | "
75,1,ZLLL,081,高岭沟,,120.0,46734.0,36.32472222222223,104.08527777777778,2365.0,,m,m,0.95,0,,8,"高岭沟
081 | 山 |  | N361929
E1040507
120/46734 |  | 2365 |  | RWY01/36L/36R PBN进场控制障
碍物
含植被 | "
76,1,ZLLL,082,山体,,1.0,36.0,,,,,m,,0.9,0,,8,"山体
082 | 山 |  | N361906 |  | 2096 |  |  | RWY01/36L/36R传统进场控制障"
77,1,ZLLL,083,山体,,1.0,36.0,,,,,m,,0.9,0,,8,"山体
083 | 山 |  | N361628 |  | 2076 |  |  | RWY01/36L/36R传统进场控制障"
78,1,ZLLL,084,山,,156.0,28972.0,36.28138888888889,103.76888888888888,2119.0,,m,m,0.95,0,,9,"山
084 | 山 |  | N361653
E1034608
156/28972 |  | 2119 |  | RWY18L/R传统离场控制障碍物 | "
79,1,ZLLL,085,山,,157.0,18497.0,36.363055555555555,103.71000000000001,2184.0,,m,m,0.95,0,,9,"山
085 | 山 |  | N362147
E1034236
157/18497 |  | 2184 |  | RWY19 PBN离场控制障碍物
含植被 | "
80,1,ZLLL,086,山,,157.0,24893.0,36.31194444444444,103.7425,2182.0,,m,m,0.95,0,,9,"山
086 | 山 |  | N361843
E1034433
157/24893 |  | 2182 |  | RWY19传统离场控制障碍物 | "
81,1,ZLLL,087,山,,160.0,17522.0,36.36833333333333,103.69777777777779,2166.0,,m,m,0.95,0,,9,"山
087 | 山 |  | N362206
E1034152
160/17522 |  | 2166 |  | RWY19 PBN离场控制障碍物
含植被 | "
82,1,ZLLL,089,窝岭沟,,162.0,92283.0,35.73638888888889,103.98611111111111,3671.0,,m,m,0.95,0,,9,"窝岭沟
089 | 山 | N354411
E1035910
162/92283 |  |  | 3671 |  | 监视引导08号扇区控制障碍物 | "
83,1,ZLLL,090,无名山,,165.0,86785.0,35.76777777777777,103.91111111111111,3280.0,,m,m,0.95,0,,9,"无名山
090 | 山 | N354604
E1035440
165/86785 |  |  | 3280 |  | 监视引导07号扇区控制障碍物 | "
84,1,ZLLL,091,山,,166.0,15692.0,36.37833333333333,103.6725,2113.0,,m,m,0.95,0,,9,"山
091 | 山 | N362242
E1034021
166/15692 |  |  | 2113 |  | RWY01 GP INOP最后进近控制障
碍物
含植被 | "
85,1,ZLLL,092,大罗泉,,166.0,19101.0,36.34916666666667,103.68472222222222,2280.0,,m,m,0.95,0,,9,"大罗泉
092 | 山 | N362057
E1034105
166/19101 |  |  | 2280 |  | RWY01 PBN中间进近航制障碍
物；
RWY18L/18R离场控制障碍物
含植被 | "
86,1,ZLLL,093,山,,166.0,19273.0,36.346944444444446,103.68194444444445,2215.0,,m,m,0.95,0,,9,"山
093 | 山 | N362049
E1034055
166/19273 |  |  | 2215 |  | RWY18R传统离场控制障碍物；
RWY36R PBN中间进近控制障碍
物
含植被 | "
87,1,ZLLL,094,山,,166.0,28015.0,36.27194444444444,103.71166666666667,2076.0,,m,m,0.95,0,,9,"山
094 | 山 | N361619
E1034242
166/28015 |  |  | 2076 |  | RWY18L/18R离场控制障碍物
含植被 | "
88,1,ZLLL,096,山,,168.0,32270.0,36.23222222222223,103.71111111111111,2097.0,,m,m,0.95,0,,10,"山
096 | 山 | N361356
E1034240
168/32270 |  |  | 2097 |  | RWY01/36L/36R起始进近控制障
碍物
含植被 | RWY01/36L/36R起始进近控制障
碍物"
89,1,ZLLL,097,山,,170.0,15647.0,36.37583333333333,103.65944444444445,2104.0,,m,m,0.95,0,,10,"山
097 | 山 | N362233
E1033934
170/15647 |  |  | 2104 |  | RWY36R PBN最后进近控制障碍
物
含植被 | "
90,1,ZLLL,099,马家山,,179.0,68663.0,35.89611111111111,103.66833333333334,2950.0,,m,m,0.95,0,,10,"马家山
099 | 山 | N355346
E1034006
179/68663 |  |  | 2950 |  | 监视引导06号扇区控制障碍物 | "
91,1,ZLLL,100,山,,1.0,36.0,,,,,m,,0.9,0,,10,"山
100 | 山 |  | N361347 |  | 2005 |  |  | RWY01/36L/36R起始进近控制障"
92,1,ZLLL,101,无名山,,197.0,52586.0,36.05277777777778,103.48361111111112,2565.0,,m,m,0.95,0,,10,"无名山
101 | 山 |  | N360310
E1032901
197/52586 |  | 2565 |  | 传统扇区控制障碍物
含植被 | "
93,1,ZLLL,102,山,,200.0,24346.0,36.30361111111111,103.54222222222222,2136.0,,m,m,0.95,0,,10,"山
102 | 山 | N361813
E1033232
200/24346 |  |  | 2136 |  | RWY01/36L/36R传统进场控制障
碍物
含植被 | "
94,1,ZLLL,103,刘家湾,,200.0,53035.0,36.04833333333333,103.48611111111111,2645.0,,m,m,0.95,0,,10,"刘家湾
103 | 山 |  | N360254
E1032910
200/53035 |  | 2645 |  | PBN扇区控制障碍物
含植被 | "
95,1,ZLLL,104,大咀岭,,202.0,23327.0,36.31472222222222,103.5363888888889,2128.0,,m,m,0.95,0,,10,"大咀岭
104 | 山 | N361853
E1033211
202/23327 |  |  | 2128 |  | RWY18L/18R PBN离场控制障碍
物
含植被 | "
96,1,ZLLL,105,山体,,1.0,36.0,,,,,m,,0.9,0,,10,"山体
105 | 山 |  | N360745 |  | 2181 |  |  | RWY01/36L/36R传统进场控制障"
97,1,ZLLL,106,山,,223.0,38220.0,36.24944444444444,103.3475,2085.0,,m,m,0.95,0,,11,"山
106 | 山 | N361458
E1032051
223/38220 |  |  | 2085 |  | RWY01/36L/36R PBN进场控制障
碍物
含植被 | "
98,1,ZLLL,107,山体,,1.0,36.0,,,,,m,,0.9,0,,11,"山体
107 | 山 |  | N361320 |  | 2009 |  |  | RWY01/36L/36R PBN进场控制障"
99,1,ZLLL,108,山,,242.0,42584.0,36.316111111111105,103.21388888888889,2233.0,,m,m,0.95,0,,11,"山
108 | 山 | N361858
E1031250
242/42584 |  |  | 2233 |  | RWY01/36L/36R PBN进场控制障
碍物
含植被 | RWY01/36L/36R PBN进场控制障
碍物"
100,1,ZLLL,109,高庙岭,,250.0,28795.0,36.41305555555555,103.32472222222222,2363.0,,m,m,0.95,0,,11,"高庙岭
109 | 山 | N362447
E1031929
250/28795 |  |  | 2363 |  | RWY18L/18R PBN离场控制障碍
物；
RWY01/36L/36R传统进场控制障
碍物
含植被 | "
101,1,ZLLL,111,花抱山,,257.0,117324.0,36.22166666666667,102.365,4484.0,,m,m,0.95,0,,11,"花抱山
111 | 山 | N361318
E1022154
257/117324 |  |  | 4484 |  | 监视引导16号扇区控制障碍物 | "
102,1,ZLLL,112,山,,262.0,30697.0,36.46055555555556,103.28472222222221,2462.0,,m,m,0.95,0,,11,"山
112 | 山 | N362738
E1031705
262/30697 |  |  | 2462 |  | RWY18L/18R/19 PBN进场控制障
碍物
含植被 | "
103,1,ZLLL,114,无名山,,269.0,33119.0,36.493611111111115,103.25222222222222,2465.0,,m,m,0.95,0,,11,"无名山
114 | 山 |  | N362937
E1031508
269/33119 |  | 2465 |  | 传统扇区控制障碍物
含植被 | "
104,1,ZLLL,115,山体,,270.0,43892.0,36.49138888888889,103.13194444444444,2475.0,,m,m,0.95,0,,11,"山体
115 | 山 |  | N362929
E1030755
270/43892 |  | 2475 |  | RWY01/36L/36R PBN进场控制障
碍物
含植被 | "
105,1,ZLLL,116,山,,272.0,35949.0,36.50611111111111,103.21972222222223,2562.0,,m,m,0.95,0,,11,"山
116 | 山 | N363022
E1031311
272/35949 |  |  | 2562 |  | RWY01 PBN离场控制障碍物
含植被 | "
106,1,ZLLL,117,山,,275.0,49922.0,36.52472222222222,103.06388888888888,2509.0,,m,m,0.95,0,,12,"山
117 | 山 | N363129
E1030350
275/49922 |  |  | 2509 |  |  | RWY18L/18R传统离场控制障碍
物；
RWY01/36L/36R PBN进场控制障
碍物
含植被"
107,1,ZLLL,118,山,,278.0,44509.0,36.55083333333333,103.1261111111111,2572.0,,m,m,0.95,0,,12,"山
118 | 山 | N363303
E1030734
278/44509 |  |  | 2572 |  | RWY19传统离场控制障碍物；
RWY36L/36R PBN离场控制障碍
物；
RWY01/18L/18R/19/36L/36R PBN
进场控制障碍物
含植被 | RWY19传统离场控制障碍物；
RWY36L/36R PBN离场控制障碍
物；
RWY01/18L/18R/19/36L/36R PBN
进场控制障碍物"
108,1,ZLLL,119,山体,,1.0,36.0,,,,,m,,0.9,0,,12,"山体
119 | 山 |  | N363151 |  | 2097 |  |  | RWY01/36L/36R传统进场控制障"
109,1,ZLLL,121,山,,282.0,37280.0,36.565555555555555,103.20972222222223,2565.0,,m,m,0.95,0,,12,"山
121 | 山 | N363356
E1031235
282/37280 |  |  | 2565 |  |  | RWY01/36L/36R传统离场控制障
碍物；
RWY01/36L/36R传统进场控制障
碍物
含植被"
110,1,ZLLL,122,黑林坪,,289.0,72509.0,36.68805555555555,102.84027777777777,2950.0,,m,m,0.95,0,,12,"黑林坪
122 | 山 | N364117
E1025025
289/72509 |  |  | 2950 |  | 监视引导14号扇区控制障碍物 | "
111,1,ZLLL,123,中湾,,297.0,40020.0,36.656666666666666,103.21055555555556,2656.0,,m,m,0.95,0,,12,"中湾
123 | 山 |  | N363924
E1031238
297/40020 |  | 2656 |  | RWY01/36L/36R传统进场控制障
碍物
含植被 | "
112,1,ZLLL,124,无名山,,303.0,60095.0,36.78333333333333,103.03861111111111,3250.0,,m,m,0.95,0,,12,"无名山
124 | 山 | N364700
E1030219
303/60095 |  |  | 3250 |  | 监视引导12号扇区控制障碍物 | "
113,1,ZLLL,125,无名山,,309.0,176516.0,37.44027777777777,102.01083333333334,4580.0,,m,m,0.95,0,,12,"无名山
125 | 山 | N372625
E1020039
309/176516 |  |  | 4580 |  | 监视引导15号扇区控制障碍物 | "
114,1,ZLLL,126,山,,325.0,41103.0,36.80583333333333,103.33888888888889,2465.0,,m,m,0.95,0,,13,"山
126 | 山 | N364821
E1032020
325/41103 |  |  | 2465 |  | RWY18L/18R/19 PBN进场控制障
碍物
含植被 | "
115,1,ZLLL,128,山,,329.0,19648.0,,,2239.0,,m,m,0.95,0,,13,"山
128 | 山 |  | N363934
329/19648 |  | 2239 |  | RWY36L/36R PBN离场控制障碍
物
含植被 | RWY36L/36R PBN离场控制障碍"
116,1,ZLLL,131,山体,,330.0,32958.0,36.76083333333333,103.41722222222222,2336.0,,m,m,0.95,0,,13,"山体
131 | 山 | N364539
E1032502
330/32958 |  |  | 2336 |  | RWY18L/18R/19传统进场控制障
碍物；
RWY19/36L/36R传统离场控制障
碍物
含植被 | RWY18L/18R/19传统进场控制障
碍物；
RWY19/36L/36R传统离场控制障
碍物"
117,1,ZLLL,132,无名山,,331.0,43880.0,36.848888888888894,103.3611111111111,2705.0,,m,m,0.95,0,,13,"无名山
132 | 山 | N365056
E1032140
331/43880 |  |  | 2705 |  | 监视引导05号扇区控制障碍物 | "
118,1,ZLLL,133,无名山,,333.0,84522.0,37.175,103.15194444444445,4074.0,,m,m,0.95,0,,13,"无名山
133 | 山 | N371030
E1030907
333/84522 |  |  | 4074 |  | 监视引导13号扇区控制障碍物 | "
119,1,ZLLL,134,巴家大岭,,336.0,47107.0,36.8825,103.36944444444444,2954.0,,m,m,0.95,0,,13,"巴家大岭
134 | 山 | N365257
E1032210
336/47107 |  |  | 2954 |  | 监视引导04号扇区控制障碍物 | "
120,1,ZLLL,135,风塔,,347.0,28575.0,36.76111111111111,103.53361111111111,2353.0,,m,m,0.95,0,,13,"风塔
135 | 风车/风力
发电机 | N364540
E1033201
347/28575 |  |  | 2353 |  |  | RWY18R VOR/DME中间进近控
制障碍物；
RWY18L/18R GP INOP、ILS/DME
中间进近控制障碍物"
121,1,ZLLL,136,气象天线,,348.0,16434.0,36.656388888888884,103.57333333333332,2177.0,,m,m,0.95,0,,14,"气象天线
136 | 天线 | N363923
E1033424
348/16434 |  |  | 2177 |  | RWY18R VOR/DME、PBN最后进
近控制障碍物 | "
122,1,ZLLL,137,马家庄,,352.0,31363.0,36.79111111111111,103.55499999999999,2407.0,,m,m,0.95,0,,14,"马家庄
137 | 山 |  | N364728
E1033318
352/31363 |  | 2407 |  | RWY18L/18R/19 PBN进近起始进
近控制障碍物
含植被 | "
123,1,ZLLL,138,山,,352.0,33226.0,36.80694444444444,103.54694444444445,2456.0,,m,m,0.95,0,,14,"山
138 | 山 |  | N364825
E1033249
352/33226 |  | 2456 |  | RWY36L/R PBN离场控制障碍物
含植被 | "
124,1,ZLLL,139,华能风车,,352.0,44203.0,36.905,103.53,2909.0,,m,m,0.95,0,,14,"华能风车
139 | 风车/风力
发电机 |  | N365418
E1033148
352/44203 |  | 2909 |  | RWY19 RNAV ILS/DME x 起始
进近控制障碍物 | "
125,1,ZLLL,140,华能风电,,353.0,41747.0,36.88388888888889,103.53972222222222,2899.0,,m,m,0.95,0,,14,"华能风电
140 | 风车/风力
发电机 |  | N365302
E1033223
353/41747 |  | 2899 |  | RWY36L/R传统离场控制障碍物 | "
126,1,ZLLL,141,华能风车,,354.0,41754.0,36.885,103.54694444444445,2900.0,,m,m,0.95,0,,14,"华能风车
141 | 风车/风力
发电机 | N365306
E1033249
354/41754 |  |  | 2900 |  |  | RWY18L/18R/19 ILS/DME x中间
进近控制障碍物；
RWY36L/R PBN离场控制障碍物"
127,1,ZLLL,142,信号塔,,355.0,28592.0,36.76861111111111,103.57722222222222,2316.0,,m,m,0.95,0,,14,"信号塔
142 | 塔 |  | N364607
E1033438
355/28592 |  | 2316 |  | RWY19 ILS/DME y中间进近控制
障碍物 | "
128,1,ZLLL,143,无名山,,355.0,37977.0,36.8525,103.56277777777777,2655.0,,m,m,0.95,0,,14,"无名山
143 | 山 | N365109
E1033346
355/37977 |  |  | 2655 |  | 监视引导03号扇区控制障碍物 | "
129,1,ZLLL,144,无名山,,356.0,35548.0,36.83111111111111,103.57,2520.0,,m,m,0.95,0,,14,"无名山
144 | 山 | N364952
E1033412
356/35548 |  |  | 2520 |  | 监视引导02号扇区控制障碍物 | "
130,1,ZLLL,145,华能风车,,357.0,39382.0,36.86611111111111,103.57111111111111,2829.0,,m,m,0.95,0,,14,"华能风车
145 | 风车/风力
发电机 |  | N365158
E1033416
357/39382 |  | 2829 |  | 传统扇区控制障碍物 | "
131,1,ZLLL,146,华能风车,,358.0,44213.0,36.91027777777778,103.5761111111111,2857.0,,m,m,0.95,0,,14,"华能风车
146 | 风车/风力
发电机 | N365437
E1033434
358/44213 |  |  | 2857 |  |  | RWY18L/18R/19 ILS/DME w、
RNAV ILS/DME x起始进近控制
障碍物"
132,1,ZLLL,147,山,,359.0,31485.0,36.796388888888885,103.59527777777777,2384.0,,m,m,0.95,0,,15,"山
147 | 山 |  | N364747
E1033543
359/31485 |  | 2384 |  | RWY18L/R PBN中间进近控制障
碍物
含植被 | "
133,1,ZLLL,148,华能风车,,359.0,38318.0,36.85777777777778,103.58972222222222,2807.0,,m,m,0.95,0,,15,"华能风车
148 | 风车/风力
发电机 | N365128
E1033523
359/38318 |  |  | 2807 |  |  | RWY18L/18R/19传统起始进近控
制障碍物；
RWY01传统离场控制障碍物；
RWY36L/R离场控制障碍物"
134,1,ZLLL,149,山,,360.0,33729.0,36.816944444444445,103.60249999999999,2520.0,,m,m,0.95,0,,15,"山
149 | 山 | N364901
E1033609
360/33729 |  |  | 2520 |  | RWY18L/R离场控制障碍物，
RNAV ILS/DME x、ILS/DME w最
后进近控制障碍物
含植被 | RWY18L/R离场控制障碍物，
RNAV ILS/DME x、ILS/DME w最
后进近控制障碍物"
135,1,ZLLL,150,华能风车,,360.0,38062.0,36.85583333333334,103.59694444444445,2776.0,,m,m,0.95,0,,15,"华能风车
150 | 风车/风力
发电机 |  | N365121
E1033549
360/38062 |  | 2776 |  | RWY36L/R PBN离场控制障碍物 | "
